{"cameraMode":{"drawMode":0,"name":"Shaded","section":"Shading Mode"},"sceneLighting":true,"audioPlay":false,"sceneViewState":{"m_AlwaysRefresh":false,"showFog":true,"showSkybox":true,"showFlares":true,"showImageEffects":true,"showParticleSystems":true,"showVisualEffectGraphs":true,"m_FxEnabled":true},"in2DMode":false,"pivot":{"x":121.37149810791016,"y":-92.697998046875,"z":213.58651733398438},"rotation":{"x":0.3069342076778412,"y":0.04423069208860397,"z":-0.014290738850831986,"w":0.9506223797798157},"size":211.16148376464845,"orthographic":false}